
CREATE TABLE public.comunidades (
    codigo bigint NOT NULL,
    nombre character varying(40)
);


CREATE TABLE public.incidencias (
    id bigint NOT NULL,
    carretera character varying(20) NOT NULL,
    causa character varying(100),
    fechahora timestamp without time zone,
    cod_nivel integer NOT NULL,
    pk_inicial numeric(6,2) NOT NULL,
    pk_final numeric(6,2) NOT NULL,
    poblacion character varying(100),
    cod_provincia integer,
    cod_sentido integer,
    tipo_incidencia integer NOT NULL
);


CREATE TABLE public.niveles (
    nivel character varying(20),
    codigo integer NOT NULL
);


CREATE TABLE public.provincias (
    codigo integer NOT NULL,
    nombre character varying(40) NOT NULL,
    matricula character varying(8),
    cod_comunidad integer NOT NULL
);


CREATE TABLE public.sentidos (
    sentido character varying(40) NOT NULL,
    codigo integer NOT NULL
);


CREATE TABLE public.tiposincidencia (
    tipo character varying(30) NOT NULL,
    codigo integer NOT NULL
);


INSERT INTO public.comunidades VALUES (1, 'Andalucía');
INSERT INTO public.comunidades VALUES (2, 'Aragón');
INSERT INTO public.comunidades VALUES (3, 'Asturias, Principado de');
INSERT INTO public.comunidades VALUES (4, 'Balears, Illes');
INSERT INTO public.comunidades VALUES (5, 'Canarias');
INSERT INTO public.comunidades VALUES (6, 'Cantabria');
INSERT INTO public.comunidades VALUES (7, 'Castilla y León');
INSERT INTO public.comunidades VALUES (8, 'Castilla - La Mancha');
INSERT INTO public.comunidades VALUES (9, 'Cataluña');
INSERT INTO public.comunidades VALUES (10, 'Comunitat Valenciana');
INSERT INTO public.comunidades VALUES (11, 'Extremadura');
INSERT INTO public.comunidades VALUES (12, 'Galicia');
INSERT INTO public.comunidades VALUES (13, 'Madrid, Comunidad de');
INSERT INTO public.comunidades VALUES (14, 'Murcia, Región de');
INSERT INTO public.comunidades VALUES (15, 'Navarra, Comunidad Foral de');
INSERT INTO public.comunidades VALUES (16, 'País Vasco');
INSERT INTO public.comunidades VALUES (17, 'Rioja, La');
INSERT INTO public.comunidades VALUES (18, 'Ceuta');
INSERT INTO public.comunidades VALUES (19, 'Melilla');


INSERT INTO public.incidencias VALUES (1, 'AP-66', 'NIEBLA', '2022-06-20 10:31:00', 1, 76.00, 76.00, 'CARRALUZ', 33, 1, 2);
INSERT INTO public.incidencias VALUES (143, 'A-1603', 'REASFALTADO', '2021-12-23 07:45:00', 2, 4.50, 8.60, 'SANTA CRUZ DE LA SEROS', 22, 1, 3);
INSERT INTO public.incidencias VALUES (217, 'A-67', 'TRABAJOS DE MANTENIMIENTO', '2022-08-29 05:00:00', 1, 183.60, 182.60, 'BARREDA', 39, 3, 3);
INSERT INTO public.incidencias VALUES (218, 'A-67', 'TRABAJOS DE MANTENIMIENTO', '2022-08-29 05:00:00', 1, 184.40, 185.00, 'BARREDA', 39, 2, 3);
INSERT INTO public.incidencias VALUES (219, 'A-67', 'TRABAJOS DE MANTENIMIENTO', '2022-08-29 05:00:00', 1, 185.40, 186.00, 'BARRIO OBRERO', 39, 2, 3);
INSERT INTO public.incidencias VALUES (220, 'N-629', 'TRABAJOS DE MANTENIMIENTO', '2022-08-29 00:00:00', 1, 70.90, 71.00, 'GIBAJA', 39, 2, 3);
INSERT INTO public.incidencias VALUES (221, 'A-67', 'TRABAJOS DE MANTENIMIENTO', '2022-08-29 05:00:00', 1, 180.00, 181.60, 'SIERRAPANDO', 39, 2, 3);
INSERT INTO public.incidencias VALUES (222, 'A-8', 'TRABAJOS DE MANTENIMIENTO', '2021-08-15 10:49:00', 1, 228.00, 230.00, 'SIERRAPANDO', 39, 3, 3);
INSERT INTO public.incidencias VALUES (225, 'A-4', 'OBRAS EN GENERAL', '2022-08-01 11:43:00', 3, 508.00, 508.00, 'CARMONA', 41, 2, 3);
INSERT INTO public.incidencias VALUES (2, 'A-92N', ' CARRIL(ES) DERECHO(S) CERRADO(S)', '2022-03-10 09:00:00', 2, 48.00, 48.00, 'JAMULA (LA)', 18, 2, 1);
INSERT INTO public.incidencias VALUES (3, 'A-136', ' MODERAR VELOCIDAD', '2022-05-18 22:26:00', 2, 19.00, 26.50, 'SALLENT DE GALLEGO', 22, 1, 1);
INSERT INTO public.incidencias VALUES (4, 'A-135', ' CARRETERA CERRADA EN AMBOS SENTIDOS', '2022-06-24 00:00:00', 4, 4.80, 10.00, 'TORLA', 22, 1, 1);
INSERT INTO public.incidencias VALUES (5, 'AS-19', ' MODERAR VELOCIDAD', '2021-01-15 20:43:00', 2, 7.00, 7.00, 'REBOLLADA (LA)', 33, 2, 1);
INSERT INTO public.incidencias VALUES (6, 'N-120', ' CARRIL DE VEHÍCULO(S) LENTO(S) CERRADO(S)', '2021-02-04 20:50:00', 2, 625.00, 624.50, 'GANDARELA', 36, 3, 1);
INSERT INTO public.incidencias VALUES (7, 'SE-30', ' CANCELACION CARRIL LENTO', '2022-04-01 22:21:00', 1, 13.50, 9.00, 'SEVILLA', 41, 1, 1);
INSERT INTO public.incidencias VALUES (8, 'TF-12', ' LÍMITE TEMPORAL DE PESO MÁXIMO PERMITIDO', '2021-12-29 01:47:00', 2, 0.40, 0.40, 'SAN ANDRES', 38, 1, 1);
INSERT INTO public.incidencias VALUES (9, 'A-2', ' ENTRADA CERRADA', '2022-06-07 20:00:00', 3, 233.00, 233.00, 'CALATAYUD', 50, 2, 1);
INSERT INTO public.incidencias VALUES (10, 'CV-70', 'OBRAS EN GENERAL', '2022-07-01 09:09:00', 1, 14.00, 16.00, 'ALCOLEJA', 3, 2, 3);
INSERT INTO public.incidencias VALUES (11, 'CV-70', 'OBRAS EN GENERAL', '2022-07-01 09:09:00', 1, 16.00, 14.00, 'ALCOLEJA', 3, 3, 3);
INSERT INTO public.incidencias VALUES (12, 'CV-755', 'OBRAS EN GENERAL', '2022-04-28 08:48:00', 1, 4.10, 4.00, 'CASTELL DE GUADALEST (EL)', 3, 3, 3);
INSERT INTO public.incidencias VALUES (13, 'CV-755', 'OBRAS EN GENERAL', '2022-04-28 08:48:00', 1, 4.00, 4.10, 'CASTELL DE GUADALEST (EL)', 3, 2, 3);
INSERT INTO public.incidencias VALUES (14, 'CV-700', 'OBRAS EN GENERAL', '2022-06-30 17:04:00', 1, 60.90, 58.80, 'PEGO', 3, 3, 3);
INSERT INTO public.incidencias VALUES (15, 'CV-700', 'OBRAS EN GENERAL', '2022-06-30 17:04:00', 1, 58.80, 60.90, 'PEGO', 3, 2, 3);
INSERT INTO public.incidencias VALUES (16, 'AL-7106', 'OBRAS EN GENERAL', '2022-07-29 10:01:00', 1, 0.60, 0.00, 'CONCEPCION (LA)', 4, 3, 3);
INSERT INTO public.incidencias VALUES (17, 'A-1205', 'OBRAS EN GENERAL', '2022-07-04 13:04:00', 1, 1.80, 2.00, 'FUENTE (LA)', 4, 2, 3);
INSERT INTO public.incidencias VALUES (18, 'A-1205', 'OBRAS EN GENERAL', '2022-07-04 12:59:00', 1, 2.00, 1.80, 'FUENTE (LA)', 4, 3, 3);
INSERT INTO public.incidencias VALUES (19, 'AL-3111', 'OBRAS EN GENERAL', '2022-02-14 08:04:00', 1, 8.60, 9.80, 'HORNILLO', 4, 2, 3);
INSERT INTO public.incidencias VALUES (20, 'AL-3111', 'OBRAS EN GENERAL', '2022-02-14 08:04:00', 1, 9.80, 8.60, 'HORNILLO', 4, 3, 3);
INSERT INTO public.incidencias VALUES (21, 'N-340A', 'OBRAS EN GENERAL', '2022-08-24 12:48:00', 1, 454.00, 454.00, 'MARRAQUE', 4, 2, 3);
INSERT INTO public.incidencias VALUES (22, 'A-7', 'OBRAS EN GENERAL', '2022-08-26 13:05:00', 1, 684.60, 687.00, 'SANTA BARBARA', 4, 2, 3);
INSERT INTO public.incidencias VALUES (23, 'A-7', 'OBRAS EN GENERAL', '2022-08-12 13:57:00', 1, 685.50, 686.00, 'SANTA BARBARA', 4, 2, 3);
INSERT INTO public.incidencias VALUES (24, 'AL-7106', 'OBRAS EN GENERAL', '2022-07-29 10:01:00', 1, 0.00, 0.60, 'SANTA BARBARA', 4, 2, 3);
INSERT INTO public.incidencias VALUES (25, 'C-15', 'OBRAS EN GENERAL', '2022-08-26 11:13:00', 1, 32.00, 44.40, 'AGOLLADOLÇ', 8, 1, 3);
INSERT INTO public.incidencias VALUES (26, 'C-17', 'TRABAJOS DE MANTENIMIENTO', '2022-08-08 18:47:00', 1, 40.00, 41.00, 'AIGUAFREDA', 8, 1, 3);
INSERT INTO public.incidencias VALUES (27, 'C-32', 'TRABAJOS DE MANTENIMIENTO', '2022-08-07 23:00:00', 1, 59.00, 63.30, 'ALMEDA MERCADER', 8, 1, 3);
INSERT INTO public.incidencias VALUES (28, 'C-61', 'OBRAS EN GENERAL', '2022-08-09 10:18:00', 1, 3.60, 4.00, 'ARENYS DE MUNT', 8, 1, 3);
INSERT INTO public.incidencias VALUES (29, 'C-17', 'REASFALTADO', '2022-08-22 07:00:00', 1, 0.00, 13.00, 'BARCELONA', 8, 1, 3);
INSERT INTO public.incidencias VALUES (30, 'B-10', 'TRABAJOS DE MANTENIMIENTO', '2022-07-10 22:00:00', 1, 7.20, 7.00, 'BARCELONA', 8, 5, 3);
INSERT INTO public.incidencias VALUES (31, 'B-20', 'TRABAJOS DE MANTENIMIENTO', '2022-07-09 13:08:00', 1, 4.80, 4.80, 'BARCELONA', 8, 1, 3);
INSERT INTO public.incidencias VALUES (32, 'C-58', 'TRABAJOS DE MANTENIMIENTO', '2022-08-08 13:43:00', 1, 1.50, 0.00, 'BARCELONA', 8, 5, 3);
INSERT INTO public.incidencias VALUES (33, 'B-10', 'TRABAJOS DE MANTENIMIENTO', '2022-08-12 23:00:00', 1, 2.00, 5.00, 'BARCELONA', 8, 1, 3);
INSERT INTO public.incidencias VALUES (34, 'C-26', 'TRABAJOS DE MANTENIMIENTO', '2022-08-19 10:51:00', 1, 149.50, 158.60, 'BERGA', 8, 1, 3);
INSERT INTO public.incidencias VALUES (35, 'C-16', 'TRABAJOS DE MANTENIMIENTO', '2022-07-20 10:56:00', 1, 96.50, 117.30, 'BERGA', 8, 1, 3);
INSERT INTO public.incidencias VALUES (36, 'BV-2127', 'TRABAJOS DE MANTENIMIENTO', '2022-08-22 08:00:00', 1, 0.00, 2.70, 'BORDALLET (EL)', 8, 1, 3);
INSERT INTO public.incidencias VALUES (37, 'C-37', 'TRABAJOS DE MANTENIMIENTO', '2022-08-22 07:00:00', 1, 72.00, 93.00, 'BOSC GRAN (EL)', 8, 1, 3);
INSERT INTO public.incidencias VALUES (38, 'C-37', 'TRABAJOS DE MANTENIMIENTO', '2022-08-23 07:00:00', 1, 72.00, 75.00, 'BOSC GRAN (EL)', 8, 4, 3);
INSERT INTO public.incidencias VALUES (39, 'C-55', 'TRABAJOS DE MANTENIMIENTO', '2022-08-17 10:40:00', 1, 0.30, 5.10, 'CA N''AMAT', 8, 1, 3);
INSERT INTO public.incidencias VALUES (40, 'BP-2121', 'TRABAJOS DE MANTENIMIENTO', '2022-08-22 08:00:00', 1, 9.80, 10.20, 'CAL SISPLAU', 8, 1, 3);
INSERT INTO public.incidencias VALUES (41, 'C-59', 'TRABAJOS DE MANTENIMIENTO', '2022-07-23 18:56:00', 1, 15.00, 15.10, 'CALDES DE MONTBUI', 8, 1, 3);
INSERT INTO public.incidencias VALUES (42, 'BV-1435', 'TRABAJOS DE MANTENIMIENTO', '2022-07-23 18:48:00', 4, 13.00, 13.30, 'CAN BARRI', 8, 1, 3);
INSERT INTO public.incidencias VALUES (43, 'C-63', 'TRABAJOS DE MANTENIMIENTO', '2022-08-26 11:07:00', 1, 16.00, 18.00, 'CASTELLAR DE N''''HUG', 8, 1, 3);
INSERT INTO public.incidencias VALUES (44, 'BV-4031', 'TRABAJOS DE MANTENIMIENTO', '2022-08-22 08:00:00', 1, 10.90, 1.00, 'CASTELLAR DE N''''HUG', 8, 1, 3);
INSERT INTO public.incidencias VALUES (45, 'B-402', 'TRABAJOS DE MANTENIMIENTO', '2022-05-11 08:00:00', 1, 15.50, 16.00, 'CASTELLAR DE N''''HUG', 8, 1, 3);
INSERT INTO public.incidencias VALUES (46, 'C-32', 'REASFALTADO', '2022-08-26 08:48:00', 1, 47.00, 49.00, 'CASTELLDEFELS', 8, 1, 3);
INSERT INTO public.incidencias VALUES (47, 'C-245', 'TRABAJOS DE MANTENIMIENTO', '2022-06-16 10:24:00', 1, 0.00, 13.00, 'CASTELLDEFELS', 8, 1, 3);
INSERT INTO public.incidencias VALUES (48, 'B-20', ' ', '2019-10-31 18:35:00', 4, 2.50, 3.00, 'CORNELLÀ DE LLOBREGAT', 8, 5, 3);
INSERT INTO public.incidencias VALUES (49, 'C-1412A', 'TRABAJOS DE MANTENIMIENTO', '2022-08-19 12:45:00', 1, 1812.00, 28.50, NULL, 8, 1, 3);
INSERT INTO public.incidencias VALUES (50, 'C-1413Z', 'OBRAS EN GENERAL', '2022-03-28 17:20:00', 1, 1.80, 2.00, NULL, 8, 1, 3);
INSERT INTO public.incidencias VALUES (51, 'C-58CC', 'TRABAJOS DE MANTENIMIENTO', '2022-08-23 23:00:00', 4, 0.60, 5.00, NULL, 8, 1, 3);
INSERT INTO public.incidencias VALUES (52, 'C-17', 'TRABAJOS DE MANTENIMIENTO', '2022-07-20 12:27:00', 1, 12.00, 12.50, NULL, 8, 1, 3);
INSERT INTO public.incidencias VALUES (53, 'N-152Z', 'TRABAJOS DE MANTENIMIENTO', '2022-08-22 07:00:00', 1, 38.40, 50.60, NULL, 8, 1, 3);
INSERT INTO public.incidencias VALUES (54, 'B-23', 'TRABAJOS DE MANTENIMIENTO', '2022-04-04 22:00:00', 1, 1.50, 1.00, 'ESPLUGUES DE LLOBREGAT', 8, 4, 3);
INSERT INTO public.incidencias VALUES (55, 'C-17', 'TRABAJOS DE MANTENIMIENTO', '2022-08-22 08:00:00', 1, 32.80, 33.90, 'FIGARO-MONTMANY', 8, 4, 3);
INSERT INTO public.incidencias VALUES (56, 'C-59', 'TRABAJOS DE MANTENIMIENTO', '2022-08-22 07:00:00', 1, 4.90, 14.10, 'GALLECS', 8, 1, 3);
INSERT INTO public.incidencias VALUES (57, 'BP-1241', 'TRABAJOS DE MANTENIMIENTO', '2022-08-26 10:59:00', 4, 10.10, 12.40, 'GALLIFA', 8, 1, 3);
INSERT INTO public.incidencias VALUES (58, 'C-17', 'TRABAJOS DE MANTENIMIENTO', '2022-06-22 18:14:00', 1, 18.00, 21.00, 'GRANOLLERS', 8, 1, 3);
INSERT INTO public.incidencias VALUES (59, 'C-37', 'TRABAJOS DE MANTENIMIENTO', '2022-08-17 07:43:00', 1, 64.00, 67.30, 'IGUALADA', 8, 1, 3);
INSERT INTO public.incidencias VALUES (60, 'C-155', 'TRABAJOS DE MANTENIMIENTO', '2022-08-19 08:47:00', 1, 15.10, 15.60, 'LLIÇA DE VALL', 8, 1, 3);
INSERT INTO public.incidencias VALUES (61, 'N-II', 'OBRAS EN GENERAL', '2022-05-02 13:19:00', 1, 634.20, 634.30, 'MASNOU (EL)', 8, 1, 3);
INSERT INTO public.incidencias VALUES (62, 'C-55', 'OBRAS EN GENERAL', '2022-05-03 19:31:00', 1, 14.00, 14.50, 'MONISTROL DE MONTSERRAT', 8, 1, 3);
INSERT INTO public.incidencias VALUES (63, 'C-55', 'OBRAS EN GENERAL', '2022-05-04 08:28:00', 1, 7.10, 7.30, 'OLESA DE MONTSERRAT', 8, 1, 3);
INSERT INTO public.incidencias VALUES (64, 'C-55', 'TRABAJOS DE MANTENIMIENTO', '2022-07-30 13:03:00', 1, 5.50, 8.50, 'OLESA DE MONTSERRAT', 8, 1, 3);
INSERT INTO public.incidencias VALUES (65, 'C-1413A', 'OBRAS EN GENERAL', '2022-07-23 18:46:00', 1, 1.80, 2.00, 'PAPIOL (EL)', 8, 1, 3);
INSERT INTO public.incidencias VALUES (66, 'B-402', 'TRABAJOS DE MANTENIMIENTO', '2022-08-05 08:50:00', 1, 6.30, 0.00, 'POBLA DE LILLET (LA)', 8, 1, 3);
INSERT INTO public.incidencias VALUES (67, 'C-17', 'TRABAJOS DE MANTENIMIENTO', '2022-07-23 18:57:00', 1, 14.70, 19.50, 'POLIGON INDUSTRIAL Z', 8, 4, 3);
INSERT INTO public.incidencias VALUES (68, 'BV-5001', 'TRABAJOS DE MANTENIMIENTO', '2022-08-19 09:35:00', 1, 22.80, 23.20, 'ROQUETES 1 (LES)', 8, 1, 3);
INSERT INTO public.incidencias VALUES (69, 'B-400', 'OBRAS EN GENERAL', '2019-11-01 18:43:00', 1, 17.00, 17.50, 'SALDES', 8, 1, 3);
INSERT INTO public.incidencias VALUES (70, 'A-2', 'TRABAJOS DE MANTENIMIENTO', '2022-08-28 23:50:00', 1, 594.20, 595.20, 'SANT ANDREU DE LA BARCA', 8, 7, 3);
INSERT INTO public.incidencias VALUES (71, 'C-37', 'TRABAJOS DE MANTENIMIENTO', '2022-08-22 07:00:00', 1, 79.00, 93.00, 'SANT SALVADOR DE GUARDIOLA', 8, 1, 3);
INSERT INTO public.incidencias VALUES (72, 'BV-5031', 'TRABAJOS DE MANTENIMIENTO', '2022-05-30 09:36:00', 1, 8.90, 17.50, 'SANT VICENÇ DE MONTALT', 8, 1, 3);
INSERT INTO public.incidencias VALUES (73, 'C-16', 'TRABAJOS DE MANTENIMIENTO', '2022-08-28 23:50:00', 1, 22.30, 22.30, 'TERRASSA', 8, 4, 3);
INSERT INTO public.incidencias VALUES (74, 'C-16', 'OBRAS EN GENERAL', '2022-06-30 08:45:00', 1, 23.00, 23.10, 'TERRASSA', 8, 4, 3);
INSERT INTO public.incidencias VALUES (75, 'C-16', 'TRABAJOS DE MANTENIMIENTO', '2022-08-28 23:50:00', 1, 21.70, 21.70, 'TERRASSA', 8, 4, 3);
INSERT INTO public.incidencias VALUES (76, 'C-17', 'TRABAJOS DE MANTENIMIENTO', '2022-08-22 07:00:00', 1, 22.50, 44.10, 'TIBEL', 8, 1, 3);
INSERT INTO public.incidencias VALUES (77, 'BV-5122', 'TRABAJOS DE MANTENIMIENTO', '2022-08-04 09:38:00', 1, 0.90, 1.80, 'TORDERA', 8, 1, 3);
INSERT INTO public.incidencias VALUES (78, 'C-15', 'TRABAJOS DE MANTENIMIENTO', '2022-07-21 21:51:00', 1, 2.00, 37.00, 'TORRE VEGUER', 8, 1, 3);
INSERT INTO public.incidencias VALUES (79, 'C-243C', 'TRABAJOS DE MANTENIMIENTO', '2022-06-19 12:45:00', 1, 9.40, 10.70, 'ULLASTRELL', 8, 1, 3);
INSERT INTO public.incidencias VALUES (80, 'C-16', 'OBRAS EN GENERAL', '2022-08-18 08:27:00', 1, 27.50, 24.50, 'VILADECAVALLS', 8, 5, 3);
INSERT INTO public.incidencias VALUES (81, 'C-35', 'REASFALTADO', '2022-07-23 18:52:00', 1, 40.00, 55.40, 'VILALBA SASSERRA', 8, 1, 3);
INSERT INTO public.incidencias VALUES (82, 'C-31', 'TRABAJOS DE MANTENIMIENTO', '2022-08-11 10:07:00', 1, 154.90, 156.00, 'VILANOVA I LA GELTRU', 8, 1, 3);
INSERT INTO public.incidencias VALUES (83, 'BA-139', 'REASFALTADO', '2018-06-24 21:12:00', 1, 0.10, 13.90, 'SANTO DOMINGO', 6, 1, 3);
INSERT INTO public.incidencias VALUES (84, 'BU-11', 'TRABAJOS DE MANTENIMIENTO', '2022-08-28 20:00:00', 1, 2.00, 0.00, 'BURGOS', 9, 3, 3);
INSERT INTO public.incidencias VALUES (85, 'A-1', 'MANTENIMIENTO DE PUENTES', '2022-07-14 13:37:00', 1, 200.30, 201.30, 'LERMA', 9, 2, 3);
INSERT INTO public.incidencias VALUES (86, 'BU-30', 'TRABAJOS DE MANTENIMIENTO', '2022-08-28 20:00:00', 1, 11.00, 14.00, 'VILLALBILLA DE BURGOS', 9, 1, 3);
INSERT INTO public.incidencias VALUES (87, 'AC-214', 'OBRAS EN GENERAL', '2022-06-08 10:53:00', 4, 8.50, 9.30, 'AGRA DO MERO', 15, 2, 3);
INSERT INTO public.incidencias VALUES (88, 'AC-214', 'OBRAS EN GENERAL', '2022-06-08 10:54:00', 4, 9.30, 8.50, 'AGRA DO MERO', 15, 3, 3);
INSERT INTO public.incidencias VALUES (89, 'AG-11', 'OBRAS EN GENERAL', '2021-09-23 11:40:00', 2, 25.40, 26.30, 'BOIRO', 15, 2, 3);
INSERT INTO public.incidencias VALUES (90, 'DP-5602', 'OBRAS EN GENERAL', '2022-02-17 08:30:00', 3, 6.10, 8.60, 'CURXIDO', 15, 2, 3);
INSERT INTO public.incidencias VALUES (91, 'AC-12', 'OBRAS EN GENERAL', '2022-07-18 12:27:00', 1, 5.00, 5.50, 'PERILLO', 15, 2, 3);
INSERT INTO public.incidencias VALUES (92, 'AC-12', 'OBRAS EN GENERAL', '2022-07-18 12:27:00', 1, 5.50, 5.00, 'SEIXO (O)', 15, 3, 3);
INSERT INTO public.incidencias VALUES (93, 'AP-9', 'OBRAS EN GENERAL', '2022-04-04 09:51:00', 1, 63.00, 64.80, 'SIONLLA DE ARRIBA (A)', 15, 2, 3);
INSERT INTO public.incidencias VALUES (94, 'AC-15', 'OBRAS EN GENERAL', '2022-06-16 10:54:00', 1, 1.10, 1.70, 'SUEVOS', 15, 2, 3);
INSERT INTO public.incidencias VALUES (95, 'AC-418', 'OBRAS EN GENERAL', '2021-10-01 08:43:00', 1, 6.50, 5.50, 'VILARIÑO', 15, 3, 3);
INSERT INTO public.incidencias VALUES (96, 'AC-418', 'OBRAS EN GENERAL', '2021-10-01 08:43:00', 1, 5.50, 6.50, 'VILARIÑO', 15, 2, 3);
INSERT INTO public.incidencias VALUES (97, 'DP-1703', 'OBRAS EN GENERAL', '2022-08-23 08:47:00', 1, 2.20, 2.40, 'VOLTEIRO (O)', 15, 2, 3);
INSERT INTO public.incidencias VALUES (98, 'A-384', 'OBRAS EN GENERAL', '2022-08-22 10:46:00', 1, 75.80, 76.90, 'ALCALA DEL VALLE', 11, 2, 3);
INSERT INTO public.incidencias VALUES (99, 'A-384', 'OBRAS EN GENERAL', '2022-08-22 10:46:00', 1, 76.90, 75.80, 'ALCALA DEL VALLE', 11, 3, 3);
INSERT INTO public.incidencias VALUES (100, 'A-2325', 'OBRAS EN GENERAL', '2022-08-23 12:24:00', 1, 2.00, 1.00, 'CASAS DE PORRO', 11, 3, 3);
INSERT INTO public.incidencias VALUES (101, 'A-2325', 'OBRAS EN GENERAL', '2022-08-23 12:24:00', 1, 1.00, 2.00, 'CASAS DE PORRO', 11, 2, 3);
INSERT INTO public.incidencias VALUES (102, 'EX-A1', 'OBRAS EN GENERAL', '2022-06-27 08:01:00', 1, 25.00, 29.60, 'BAZAGONA (LA)', 10, 2, 3);
INSERT INTO public.incidencias VALUES (103, 'EX-A1', 'OBRAS EN GENERAL', '2022-06-27 08:03:00', 3, 29.60, 25.00, 'BAZAGONA (LA)', 10, 3, 3);
INSERT INTO public.incidencias VALUES (104, 'EX-A1', 'OBRAS EN GENERAL', '2022-06-27 08:04:00', 3, 29.60, 25.00, 'BAZAGONA (LA)', 10, 3, 3);
INSERT INTO public.incidencias VALUES (105, 'EX-373', 'OBRAS EN GENERAL', '2022-05-06 09:03:00', 3, 4.40, 0.00, NULL, 10, 3, 3);
INSERT INTO public.incidencias VALUES (106, 'EX-373', 'OBRAS EN GENERAL', '2022-05-06 09:03:00', 3, 0.00, 4.40, 'GARROVILLAS DE ALCONETAR', 10, 2, 3);
INSERT INTO public.incidencias VALUES (107, 'A-3132', 'OBRAS EN GENERAL', '2022-08-10 13:03:00', 3, 10.30, 10.70, 'MORILES', 14, 2, 3);
INSERT INTO public.incidencias VALUES (108, 'A-3132', 'OBRAS EN GENERAL', '2022-08-10 13:03:00', 3, 10.70, 10.30, 'MORILES', 14, 3, 3);
INSERT INTO public.incidencias VALUES (109, 'CV-194', 'OBRAS EN GENERAL', '2022-07-18 11:39:00', 1, 10.00, 10.60, 'ARGELITA', 12, 2, 3);
INSERT INTO public.incidencias VALUES (110, 'CV-191', 'OBRAS EN GENERAL', '2022-07-18 11:38:00', 1, 1.00, 5.00, 'BARONIA', 12, 2, 3);
INSERT INTO public.incidencias VALUES (111, 'GI-552', 'TRABAJOS DE MANTENIMIENTO', '2022-07-09 13:21:00', 1, 0.00, 4.00, 'ALBA DE LISTE', 17, 1, 3);
INSERT INTO public.incidencias VALUES (112, 'GIV-4082', 'TRABAJOS DE MANTENIMIENTO', '2022-08-17 12:22:00', 1, 4.30, 5.70, 'ALP', 17, 1, 3);
INSERT INTO public.incidencias VALUES (113, 'C-63', 'TRABAJOS DE MANTENIMIENTO', '2022-06-29 08:00:00', 1, 45.90, 46.30, 'AMER', 17, 1, 3);
INSERT INTO public.incidencias VALUES (114, 'N-141E', 'TRABAJOS DE MANTENIMIENTO', '2021-06-21 18:16:00', 1, 100.00, 102.00, 'ANGLES', 17, 1, 3);
INSERT INTO public.incidencias VALUES (115, 'C-66', 'TRABAJOS DE MANTENIMIENTO', '2022-08-26 11:43:00', 1, 41.90, 50.40, 'BANYOLES', 17, 1, 3);
INSERT INTO public.incidencias VALUES (116, 'N-141E', 'OBRAS EN GENERAL', '2022-08-01 08:00:00', 1, 109.60, 109.70, 'BESCANO', 17, 1, 3);
INSERT INTO public.incidencias VALUES (117, 'N-141D', 'TRABAJOS DE MANTENIMIENTO', '2022-07-29 08:11:00', 1, 1.60, 1.90, 'CALLDETENES', 17, 1, 3);
INSERT INTO public.incidencias VALUES (118, 'GIV-6226', 'TRABAJOS DE MANTENIMIENTO', '2022-06-27 08:00:00', 1, 0.00, 0.30, 'CAMALLERA', 17, 1, 3);
INSERT INTO public.incidencias VALUES (119, 'C-31', 'TRABAJOS DE MANTENIMIENTO', '2022-08-16 10:00:00', 1, 313.90, 313.90, 'CASTELL D''''ARO', 17, 7, 3);
INSERT INTO public.incidencias VALUES (120, 'GIV-6043', 'REASFALTADO', '2022-08-22 08:00:00', 1, 0.00, 3.30, 'CASTELLO D''''EMPURIES', 17, 1, 3);
INSERT INTO public.incidencias VALUES (121, 'N-260A', 'TRABAJOS DE MANTENIMIENTO', '2022-08-13 16:37:00', 1, 86.00, 93.00, NULL, 17, 1, 3);
INSERT INTO public.incidencias VALUES (122, 'C-63', 'TRABAJOS DE MANTENIMIENTO', '2022-07-23 18:49:00', 1, 37.00, 39.60, 'MINES DEL SANT PARE', 17, 1, 3);
INSERT INTO public.incidencias VALUES (123, 'GIP-6042', 'REASFALTADO', '2022-06-06 00:00:00', 1, 2.00, 4.50, 'PERALADA', 17, 1, 3);
INSERT INTO public.incidencias VALUES (124, 'C-26', 'TRABAJOS DE MANTENIMIENTO', '2022-08-03 17:15:00', 1, 193.00, 194.80, 'RIPOLL', 17, 1, 3);
INSERT INTO public.incidencias VALUES (125, 'N-156', 'TRABAJOS DE MANTENIMIENTO', '2022-08-17 07:30:00', 1, 0.20, 0.30, 'RIUDELLOTS DE LA SELVA', 17, 1, 3);
INSERT INTO public.incidencias VALUES (126, 'C-35', 'TRABAJOS DE MANTENIMIENTO', '2022-08-26 11:08:00', 1, 62.10, 68.80, 'SANT FELIU DE BUIXALLEU', 17, 1, 3);
INSERT INTO public.incidencias VALUES (127, 'C-38', 'TRABAJOS DE MANTENIMIENTO', '2022-08-18 08:11:00', 1, 3.00, 4.00, 'SANT PAU DE SEGURIES', 17, 1, 3);
INSERT INTO public.incidencias VALUES (128, 'C-252', 'TRABAJOS DE MANTENIMIENTO', '2022-06-17 10:30:00', 1, 7.30, 12.00, 'ULTRAMORT', 17, 1, 3);
INSERT INTO public.incidencias VALUES (129, 'C-252', 'TRABAJOS DE MANTENIMIENTO', '2022-07-13 15:15:00', 1, 10.70, 11.30, 'ULTRAMORT', 17, 1, 3);
INSERT INTO public.incidencias VALUES (130, 'C-31', 'TRABAJOS DE MANTENIMIENTO', '2022-06-17 10:28:00', 1, 356.80, 379.60, 'VERGES', 17, 1, 3);
INSERT INTO public.incidencias VALUES (131, 'GIV-5142', 'TRABAJOS DE MANTENIMIENTO', '2022-08-02 18:22:00', 1, 0.10, 3.00, 'VILADEMULS', 17, 1, 3);
INSERT INTO public.incidencias VALUES (132, 'GI-644', 'TRABAJOS DE MANTENIMIENTO', '2022-08-08 14:00:00', 1, 0.90, 3.00, 'VULPELLAC', 17, 1, 3);
INSERT INTO public.incidencias VALUES (133, 'GR-6102', 'OBRAS EN GENERAL', '2022-07-25 07:20:00', 3, 8.50, 6.50, 'GOR', 18, 3, 3);
INSERT INTO public.incidencias VALUES (134, 'GR-6102', 'OBRAS EN GENERAL', '2022-07-25 07:20:00', 3, 6.50, 8.50, 'GOR', 18, 2, 3);
INSERT INTO public.incidencias VALUES (135, 'GR-3304', 'OBRAS EN GENERAL', '2022-08-18 13:02:00', 1, 5.60, 2.00, 'PURCHIL', 18, 3, 3);
INSERT INTO public.incidencias VALUES (136, 'H-31', 'OBRAS EN GENERAL', '2022-08-29 00:00:00', 1, 77.70, 84.30, 'BERMEJAL', 21, 2, 3);
INSERT INTO public.incidencias VALUES (137, 'A-49', 'OBRAS EN GENERAL', '2022-08-29 00:00:00', 1, 56.00, 85.00, 'ROCIANA DEL CONDADO', 21, 2, 3);
INSERT INTO public.incidencias VALUES (138, 'A-140', 'OBRAS EN GENERAL', '2022-03-30 16:50:00', 1, 30.50, 25.50, 'BINEFAR', 22, 3, 3);
INSERT INTO public.incidencias VALUES (139, 'A-140', 'OBRAS EN GENERAL', '2022-03-30 16:49:00', 1, 25.50, 30.50, 'BINEFAR', 22, 2, 3);
INSERT INTO public.incidencias VALUES (140, 'A-132', 'OBRAS EN GENERAL', '2022-08-25 21:20:00', 2, 58.00, 58.00, 'HUESCA', 22, 1, 3);
INSERT INTO public.incidencias VALUES (141, 'N-330', 'OBRAS EN GENERAL', '2021-10-17 15:39:00', 2, 629.50, 633.50, 'SABIÑANIGO', 22, 1, 3);
INSERT INTO public.incidencias VALUES (142, 'A-136', 'OBRAS EN GENERAL', '2022-01-20 22:59:00', 3, 22.00, 26.50, 'SALLENT DE GALLEGO', 22, 1, 3);
INSERT INTO public.incidencias VALUES (144, 'N-260', 'OBRAS EN GENERAL', '2022-06-23 20:23:00', 2, 393.00, 403.00, 'SEIRA', 22, 1, 3);
INSERT INTO public.incidencias VALUES (145, 'JA-9119', 'OBRAS EN GENERAL', '2022-07-20 17:26:00', 4, 0.00, 5.00, 'ACEBUCHAR (EL)', 23, 2, 3);
INSERT INTO public.incidencias VALUES (146, 'C-14', 'TRABAJOS DE MANTENIMIENTO', '2022-08-22 07:00:00', 1, 97.80, 98.30, 'AGRAMUNT', 25, 1, 3);
INSERT INTO public.incidencias VALUES (147, 'C-26', 'TRABAJOS DE MANTENIMIENTO', '2022-08-22 08:00:00', 1, 2.50, 2.30, 'ALFARRAS', 25, 1, 3);
INSERT INTO public.incidencias VALUES (148, 'L-510', 'TRABAJOS DE MANTENIMIENTO', '2022-08-20 07:39:00', 1, 8.60, 12.20, 'ALINS', 25, 1, 3);
INSERT INTO public.incidencias VALUES (149, 'L-512', 'TRABAJOS DE MANTENIMIENTO', '2022-02-22 18:17:00', 1, 1.10, 1.60, 'ARTESA DE SEGRE', 25, 1, 3);
INSERT INTO public.incidencias VALUES (150, 'C-14', 'TRABAJOS DE MANTENIMIENTO', '2022-08-26 08:31:00', 1, 104.70, 114.00, 'ARTESA DE SEGRE', 25, 1, 3);
INSERT INTO public.incidencias VALUES (151, 'C-26', 'TRABAJOS DE MANTENIMIENTO', '2022-08-22 08:00:00', 1, 24.40, 24.10, 'BALAGUER', 25, 1, 3);
INSERT INTO public.incidencias VALUES (152, 'C-12', 'TRABAJOS DE MANTENIMIENTO', '2022-08-20 08:18:00', 1, 170.10, 175.10, 'BALAGUER', 25, 1, 3);
INSERT INTO public.incidencias VALUES (153, 'C-14', 'TRABAJOS DE MANTENIMIENTO', '2022-08-19 08:40:00', 1, 135.10, 177.00, 'BASSELLA', 25, 1, 3);
INSERT INTO public.incidencias VALUES (154, 'C-13', 'TRABAJOS DE MANTENIMIENTO', '2022-06-02 08:26:00', 1, 71.00, 73.50, 'CELLERS', 25, 1, 3);
INSERT INTO public.incidencias VALUES (155, 'C-13', 'OBRAS EN GENERAL', '2022-08-23 08:00:00', 1, 75.10, 75.60, 'CELLERS', 25, 1, 3);
INSERT INTO public.incidencias VALUES (156, 'C-142B', 'OBRAS EN GENERAL', '2022-08-11 15:23:00', 1, 0.60, 2.00, NULL, 25, 1, 3);
INSERT INTO public.incidencias VALUES (157, 'C-28', 'OBRAS EN GENERAL', '2022-08-02 17:25:00', 1, 37.20, 37.20, NULL, 25, 1, 3);
INSERT INTO public.incidencias VALUES (158, 'L-504', 'TRABAJOS DE MANTENIMIENTO', '2022-07-20 10:43:00', 1, 18.00, 18.80, 'LLADORRE', 25, 1, 3);
INSERT INTO public.incidencias VALUES (159, 'L-504', 'TRABAJOS DE MANTENIMIENTO', '2022-08-20 07:40:00', 1, 0.00, 18.00, 'LLADORRE', 25, 1, 3);
INSERT INTO public.incidencias VALUES (160, 'C-14', 'TRABAJOS DE MANTENIMIENTO', '2022-08-23 08:00:00', 1, 144.40, 152.30, 'OLIANA', 25, 1, 3);
INSERT INTO public.incidencias VALUES (161, 'C-14', ' ', '2019-11-01 18:31:00', 1, 163.20, 166.50, 'ORGANYÀ', 25, 1, 3);
INSERT INTO public.incidencias VALUES (162, 'C-13', 'TRABAJOS DE MANTENIMIENTO', '2022-08-24 00:00:00', 1, 87.00, 87.50, 'TALARN', 25, 1, 3);
INSERT INTO public.incidencias VALUES (163, 'C-53', 'TRABAJOS DE MANTENIMIENTO', '2022-08-20 08:17:00', 1, 122.10, 116.10, 'TORNABOUS', 25, 1, 3);
INSERT INTO public.incidencias VALUES (164, 'LP-3322', 'REASFALTADO', '2022-08-23 07:00:00', 1, 4.60, 7.20, 'VILA-SANA', 25, 1, 3);
INSERT INTO public.incidencias VALUES (165, 'A-6', 'TRABAJOS DE MANTENIMIENTO', '2022-08-28 20:30:00', 1, 415.50, 414.70, 'TRABADELO', 24, 3, 3);
INSERT INTO public.incidencias VALUES (167, 'A-12', 'OBRAS EN GENERAL', '2022-07-22 08:37:00', 1, 93.50, 94.40, 'NAVARRETE', 26, 2, 3);
INSERT INTO public.incidencias VALUES (168, 'A-12', 'OBRAS EN GENERAL', '2022-08-01 07:38:00', 1, 94.80, 94.70, 'NAVARRETE', 26, 3, 3);
INSERT INTO public.incidencias VALUES (169, 'A-12', 'OBRAS EN GENERAL', '2022-07-22 08:37:00', 1, 94.50, 95.10, 'NAVARRETE', 26, 2, 3);
INSERT INTO public.incidencias VALUES (170, 'LU-651', 'REASFALTADO', '2022-03-21 07:55:00', 3, 18.00, 18.50, 'FOLGOSO DO COUREL', 27, 1, 3);
INSERT INTO public.incidencias VALUES (171, 'LU-617', 'OBRAS EN GENERAL', '2022-03-09 05:25:00', 2, 0.60, 0.00, 'NOGUEIRA (A)', 27, 3, 3);
INSERT INTO public.incidencias VALUES (172, 'N-6', 'OBRAS EN GENERAL', '2022-06-23 10:01:00', 1, 498.60, 499.00, 'SANTALLA', 27, 2, 3);
INSERT INTO public.incidencias VALUES (173, 'M-40', 'OBRAS EN GENERAL', '2022-07-05 15:20:00', 1, 50.00, 51.00, 'HUMERA-SOMOSAGUAS-PRADO DEL REY', 28, 2, 3);
INSERT INTO public.incidencias VALUES (174, 'A-1', 'OBRAS EN GENERAL', '2022-07-13 07:56:00', 3, 49.10, 49.10, 'VAQUERAS (LAS)', 28, 2, 3);
INSERT INTO public.incidencias VALUES (175, 'A-1', 'OBRAS EN GENERAL', '2022-07-13 07:56:00', 3, 49.10, 49.10, 'VAQUERAS (LAS)', 28, 3, 3);
INSERT INTO public.incidencias VALUES (176, 'RM-554', 'OBRAS EN GENERAL', '2022-07-18 08:55:00', 1, 1.20, 0.80, 'ANCHOSA (LA)', 30, 3, 3);
INSERT INTO public.incidencias VALUES (177, 'RM-554', 'OBRAS EN GENERAL', '2022-07-18 08:55:00', 1, 0.80, 1.20, 'ANCHOSA (LA)', 30, 2, 3);
INSERT INTO public.incidencias VALUES (179, 'A-30', 'OBRAS EN GENERAL', '2022-07-20 02:52:00', 1, 118.50, 120.30, 'FICAIRA', 30, 2, 3);
INSERT INTO public.incidencias VALUES (181, 'NA-5501', 'OBRAS EN GENERAL', '2022-02-02 09:36:00', 1, 0.00, 0.00, 'CAPARROSO', 31, 1, 3);
INSERT INTO public.incidencias VALUES (182, 'N-121-A', 'OBRAS EN GENERAL', '2021-02-09 16:10:00', 1, 5.50, 10.50, 'EZCABA', 31, 1, 3);
INSERT INTO public.incidencias VALUES (183, 'N-121-A', 'OBRAS EN GENERAL', '2021-05-03 00:00:00', 1, 10.50, 22.50, 'OLAVE', 31, 1, 3);
INSERT INTO public.incidencias VALUES (184, 'NA-134', 'OBRAS EN GENERAL', '2022-01-22 09:44:00', 1, 52.40, 52.80, 'SAN ADRIAN', 31, 1, 3);
INSERT INTO public.incidencias VALUES (185, 'AS-331', 'OBRAS EN GENERAL', '2022-07-15 14:48:00', 3, 21.00, 23.50, 'BARZANA', 33, 2, 3);
INSERT INTO public.incidencias VALUES (186, 'AS-331', 'OBRAS EN GENERAL', '2022-07-15 14:48:00', 3, 23.50, 21.00, 'BARZANA', 33, 3, 3);
INSERT INTO public.incidencias VALUES (187, 'LV-5', 'MANTENIMIENTO DE PUENTES', '2022-06-14 09:38:00', 3, 0.60, 0.60, 'CIARGÜELO', 33, 2, 3);
INSERT INTO public.incidencias VALUES (188, 'A-8', 'REASFALTADO', '2022-08-27 20:00:00', 1, 449.50, 450.50, 'CUDILLERO', 33, 2, 3);
INSERT INTO public.incidencias VALUES (189, 'N-630', 'OBRAS EN GENERAL', '2022-07-12 08:33:00', 1, 43.10, 43.90, 'ENCIMALAVILLA', 33, 2, 3);
INSERT INTO public.incidencias VALUES (190, 'A-8', 'TRABAJOS DE MANTENIMIENTO', '2022-08-29 01:30:00', 1, 356.00, 358.00, 'ERMITA (LA)', 33, 2, 3);
INSERT INTO public.incidencias VALUES (191, 'SI-2', 'OBRAS EN GENERAL', '2022-05-04 09:01:00', 1, 0.00, 0.30, 'LUGONES', 33, 2, 3);
INSERT INTO public.incidencias VALUES (192, 'AS-I', 'OBRAS EN GENERAL', '2022-05-11 12:26:00', 4, 17.00, 17.00, 'POLA SIERO (LA)', 33, 2, 3);
INSERT INTO public.incidencias VALUES (193, 'N-632', 'OBRAS EN GENERAL', '2022-05-10 12:35:00', 3, 5.10, 5.10, 'RIBADESELLA', 33, 1, 3);
INSERT INTO public.incidencias VALUES (194, 'N-634', 'OBRAS EN GENERAL', '2021-08-03 17:09:00', 4, 450.90, 464.20, 'SALAS', 33, 1, 3);
INSERT INTO public.incidencias VALUES (195, 'N-630', 'OBRAS EN GENERAL', '2022-07-12 08:34:00', 1, 43.90, 43.10, 'SETAL (EL)', 33, 3, 3);
INSERT INTO public.incidencias VALUES (196, 'N-630', 'OBRAS EN GENERAL', '2022-07-12 08:34:00', 1, 47.90, 47.00, 'TENDEYONES (LOS)', 33, 3, 3);
INSERT INTO public.incidencias VALUES (197, 'N-630', 'OBRAS EN GENERAL', '2022-07-12 08:33:00', 1, 47.00, 47.90, 'TENDEYONES (LOS)', 33, 2, 3);
INSERT INTO public.incidencias VALUES (198, 'AS-19', 'REASFALTADO', '2021-02-24 12:40:00', 2, 6.00, 7.00, 'VERIÑA DE BAXO', 33, 1, 3);
INSERT INTO public.incidencias VALUES (199, 'N-630', 'OBRAS EN GENERAL', '2022-07-12 08:33:00', 1, 44.60, 45.40, 'YANECES', 33, 2, 3);
INSERT INTO public.incidencias VALUES (200, 'N-630', 'OBRAS EN GENERAL', '2022-07-12 08:34:00', 1, 45.40, 44.60, 'YANECES', 33, 3, 3);
INSERT INTO public.incidencias VALUES (201, 'A-67', 'TRABAJOS DE MANTENIMIENTO', '2022-08-28 18:50:00', 1, 37.00, 38.00, 'FROMISTA', 34, 2, 3);
INSERT INTO public.incidencias VALUES (202, 'MA-15', 'OBRAS EN GENERAL', '2022-06-28 13:31:00', 1, 46.80, 47.00, 'MANACOR', 7, 2, 3);
INSERT INTO public.incidencias VALUES (203, 'MA-15C', 'OBRAS EN GENERAL', '2022-06-28 13:27:00', 1, 47.20, 47.10, 'MANACOR', 7, 3, 3);
INSERT INTO public.incidencias VALUES (204, 'MA-15', 'OBRAS EN GENERAL', '2022-06-28 13:32:00', 1, 47.00, 47.20, 'MANACOR', 7, 2, 3);
INSERT INTO public.incidencias VALUES (205, 'MA-15', 'OBRAS EN GENERAL', '2022-06-28 13:32:00', 1, 47.00, 46.80, 'MANACOR', 7, 3, 3);
INSERT INTO public.incidencias VALUES (206, 'MA-15C', 'OBRAS EN GENERAL', '2022-06-28 13:27:00', 1, 47.10, 47.20, 'MANACOR', 7, 2, 3);
INSERT INTO public.incidencias VALUES (207, 'MA-15', 'OBRAS EN GENERAL', '2022-06-28 13:32:00', 1, 47.20, 47.00, 'MANACOR', 7, 3, 3);
INSERT INTO public.incidencias VALUES (208, 'MA-19', 'OBRAS EN GENERAL', '2022-07-11 06:56:00', 1, 0.50, 0.50, 'PALMA', 7, 3, 3);
INSERT INTO public.incidencias VALUES (209, 'EI-400', 'OBRAS EN GENERAL', '2022-07-28 15:15:00', 1, 10.90, 11.20, 'SANT MIQUEL DE BALANSAT', 7, 2, 3);
INSERT INTO public.incidencias VALUES (210, 'EP-0001', 'OBRAS EN GENERAL', '2022-08-08 08:52:00', 1, 0.20, 1.10, 'ALCOUCE', 36, 2, 3);
INSERT INTO public.incidencias VALUES (211, 'EP-0001', 'OBRAS EN GENERAL', '2022-08-08 08:53:00', 1, 1.10, 0.20, 'ALCOUCE', 36, 3, 3);
INSERT INTO public.incidencias VALUES (212, 'A-55', 'OBRAS EN GENERAL', '2022-06-27 09:42:00', 1, 30.60, 30.10, 'ATRIO', 36, 3, 3);
INSERT INTO public.incidencias VALUES (213, 'A-55', 'OBRAS EN GENERAL', '2022-06-27 09:42:00', 1, 30.60, 30.10, 'ATRIO', 36, 3, 3);
INSERT INTO public.incidencias VALUES (214, 'AP-9', 'TRABAJOS DE MANTENIMIENTO', '2022-04-25 08:45:00', 1, 174.20, 174.80, 'COSTA', 36, 2, 3);
INSERT INTO public.incidencias VALUES (215, 'EP-9305', 'OBRAS EN GENERAL', '2021-01-07 13:14:00', 2, 2.00, 2.20, 'PADRENDA DE ABAIXO', 36, 2, 3);
INSERT INTO public.incidencias VALUES (216, 'A-8', 'TRABAJOS DE MANTENIMIENTO', '2022-08-29 06:11:00', 1, 139.30, 139.30, 'BALTEZANA', 39, 2, 3);
INSERT INTO public.incidencias VALUES (166, 'N-111A', 'REASFALTADO', '2022-08-18 12:29:00', 3, 266.00, 271.05, 'LUMBRERAS', 26, 1, 3);
INSERT INTO public.incidencias VALUES (180, 'N-301', 'OBRAS EN GENERAL', '2022-07-07 17:42:00', 4, 371.00, 372.10, 'FICAIRA', 30, 2, 3);
INSERT INTO public.incidencias VALUES (223, 'A-8', 'TRABAJOS DE MANTENIMIENTO', '2022-08-29 05:00:00', 1, 228.20, 228.20, 'SIERRAPANDO', 39, 2, 3);
INSERT INTO public.incidencias VALUES (224, 'A-8', 'TRABAJOS DE MANTENIMIENTO', '2022-08-29 05:00:00', 1, 229.50, 228.80, 'TORRELAVEGA', 39, 3, 3);
INSERT INTO public.incidencias VALUES (226, 'A-4', 'OBRAS EN GENERAL', '2022-08-01 11:43:00', 3, 508.00, 508.00, 'CARMONA', 41, 3, 3);
INSERT INTO public.incidencias VALUES (227, 'N-4', 'OBRAS EN GENERAL', '2022-08-01 09:13:00', 3, 552.20, 552.90, 'FUENTE DEL REY', 41, 2, 3);
INSERT INTO public.incidencias VALUES (228, 'N-4', 'OBRAS EN GENERAL', '2022-08-01 09:13:00', 1, 552.90, 552.20, 'FUENTE DEL REY', 41, 3, 3);
INSERT INTO public.incidencias VALUES (229, 'A-8009', 'OBRAS EN GENERAL', '2022-06-01 16:25:00', 1, 4.90, 5.20, 'MAJALOBA', 41, 2, 3);
INSERT INTO public.incidencias VALUES (230, 'A-8009', 'OBRAS EN GENERAL', '2022-06-01 16:26:00', 1, 5.20, 5.20, 'RINCONADA (LA)', 41, 3, 3);
INSERT INTO public.incidencias VALUES (231, 'A-8009R2', 'OBRAS EN GENERAL', '2022-06-01 16:26:00', 1, 0.10, 0.00, 'RINCONADA (LA)', 41, 3, 3);
INSERT INTO public.incidencias VALUES (232, 'A-8009', 'OBRAS EN GENERAL', '2022-06-01 16:26:00', 1, 5.20, 5.20, 'RINCONADA (LA)', 41, 2, 3);
INSERT INTO public.incidencias VALUES (233, 'A-8009R2', 'OBRAS EN GENERAL', '2022-06-01 16:26:00', 1, 0.90, 0.70, 'SAN JOSE DE LA RINCONADA', 41, 3, 3);
INSERT INTO public.incidencias VALUES (234, 'TV-7041', 'TRABAJOS DE MANTENIMIENTO', '2022-07-29 12:24:00', 1, 0.50, 11.60, 'ALCOVER', 43, 1, 3);
INSERT INTO public.incidencias VALUES (235, 'T-733', 'TRABAJOS DE MANTENIMIENTO', '2022-06-30 21:12:00', 1, 0.00, 0.20, 'ASCO', 43, 1, 3);
INSERT INTO public.incidencias VALUES (236, 'TP-2039', 'OBRAS EN GENERAL', '2022-05-24 10:08:00', 1, 1.20, 6.10, 'CATLLAR (EL)', 43, 1, 3);
INSERT INTO public.incidencias VALUES (237, 'T-721', 'SEÑALIZACION DE LA CALZADA', '2022-08-24 10:02:00', 1, 5.50, 5.70, 'CONSTANTI', 43, 1, 3);
INSERT INTO public.incidencias VALUES (238, 'A-27', 'OBRAS EN GENERAL', '2022-08-23 22:00:00', 1, 12.00, 12.00, NULL, 43, 1, 3);
INSERT INTO public.incidencias VALUES (239, 'T-3231', 'SEÑALIZACION DE LA CALZADA', '2022-08-24 09:50:00', 1, 0.00, 1.00, NULL, 43, 1, 3);
INSERT INTO public.incidencias VALUES (240, 'TV-2035', 'OBRAS EN GENERAL', '2022-08-01 15:02:00', 1, 7.00, 5.50, NULL, 43, 1, 3);
INSERT INTO public.incidencias VALUES (241, 'T-344', 'TRABAJOS DE MANTENIMIENTO', '2022-08-19 14:18:00', 1, 3.40, 6.00, 'MASDENVERGE', 43, 1, 3);
INSERT INTO public.incidencias VALUES (242, 'T-734', 'TRABAJOS DE MANTENIMIENTO', '2022-05-30 08:00:00', 1, 10.00, 10.10, 'MOLAR (EL)', 43, 1, 3);
INSERT INTO public.incidencias VALUES (243, 'C-241D', 'TRABAJOS DE MANTENIMIENTO', '2022-06-29 08:00:00', 1, 0.00, 29.50, 'MONTBLANC', 43, 1, 3);
INSERT INTO public.incidencias VALUES (244, 'TV-2236', 'SEÑALIZACION DE LA CALZADA', '2022-08-24 09:58:00', 1, 0.00, 1.00, 'PERAFORT', 43, 1, 3);
INSERT INTO public.incidencias VALUES (245, 'T-310', 'OBRAS EN GENERAL', '2022-08-01 11:30:00', 1, 22.30, 27.40, 'PRATDIP', 43, 1, 3);
INSERT INTO public.incidencias VALUES (246, 'TV-2231', 'SEÑALIZACION DE LA CALZADA', '2022-08-24 09:58:00', 1, 4.70, 4.70, 'PUIGDELFI', 43, 1, 3);
INSERT INTO public.incidencias VALUES (247, 'TV-2032', 'OBRAS EN GENERAL', '2022-08-01 11:30:00', 1, 2.80, 4.30, 'RENAU', 43, 1, 3);
INSERT INTO public.incidencias VALUES (248, 'TV-2033', 'TRABAJOS DE MANTENIMIENTO', '2022-08-01 20:17:00', 1, 0.00, 0.60, 'RENAU', 43, 1, 3);
INSERT INTO public.incidencias VALUES (249, 'TP-7049', 'OBRAS EN GENERAL', '2022-08-01 11:30:00', 4, 0.00, 1.60, 'REUS', 43, 1, 3);
INSERT INTO public.incidencias VALUES (250, 'T-310', 'OBRAS EN GENERAL', '2022-08-11 09:36:00', 1, 1.50, 13.50, 'REUS', 43, 1, 3);
INSERT INTO public.incidencias VALUES (251, 'T-315', 'OBRAS EN GENERAL', '2022-08-26 08:00:00', 1, 3.20, 6.70, 'REUS', 43, 1, 3);
INSERT INTO public.incidencias VALUES (252, 'N-340A', 'TRABAJOS DE MANTENIMIENTO', '2022-07-02 19:06:00', 1, 1160.00, 1159.95, 'TARRAGONA', 43, 1, 3);
INSERT INTO public.incidencias VALUES (253, 'TV-3032', 'OBRAS EN GENERAL', '2022-08-01 11:30:00', 1, 0.00, 4.00, 'TIVISSA', 43, 1, 3);
INSERT INTO public.incidencias VALUES (254, 'TV-3319', 'TRABAJOS DE MANTENIMIENTO', '2022-08-20 07:40:00', 1, 7.50, 12.00, 'ULLDECONA', 43, 1, 3);
INSERT INTO public.incidencias VALUES (255, 'T-722', 'OBRAS EN GENERAL', '2022-08-23 22:00:00', 1, 3.50, 3.60, 'VILALLONGA DEL CAMP', 43, 1, 3);
INSERT INTO public.incidencias VALUES (256, 'TV-2443', 'TRABAJOS DE MANTENIMIENTO', '2022-04-25 16:39:00', 1, 0.00, 0.30, 'VILA-RODONA', 43, 1, 3);
INSERT INTO public.incidencias VALUES (257, 'TP-2003', 'TRABAJOS DE MANTENIMIENTO', '2022-04-25 16:38:00', 1, 0.00, 0.40, 'VILA-RODONA', 43, 1, 3);
INSERT INTO public.incidencias VALUES (258, 'A-223A', 'OBRAS EN GENERAL', '2020-07-08 14:22:00', 3, 1.20, 2.00, 'ALCORISA', 44, 1, 3);
INSERT INTO public.incidencias VALUES (259, 'N-234', 'OBRAS EN GENERAL', '2022-06-22 07:21:00', 3, 81.00, 82.00, 'SARRION', 44, 1, 3);
INSERT INTO public.incidencias VALUES (260, 'A-1409', 'TRABAJOS DE DEMOLICION', '2022-06-30 00:00:00', 2, 18.00, 21.00, 'TORREVELILLA', 44, 1, 3);
INSERT INTO public.incidencias VALUES (261, 'N-420', 'OBRAS EN GENERAL', '2022-06-27 11:23:00', 3, 648.00, 651.00, 'UTRILLAS', 44, 1, 3);
INSERT INTO public.incidencias VALUES (262, 'A-5', 'OBRAS EN GENERAL', '2022-08-23 10:40:00', 3, 126.20, 126.20, 'CASAR DE TALAVERA (EL)', 45, 2, 3);
INSERT INTO public.incidencias VALUES (263, 'A-5', 'OBRAS EN GENERAL', '2022-08-23 10:40:00', 3, 126.20, 126.20, 'CASAR DE TALAVERA (EL)', 45, 3, 3);
INSERT INTO public.incidencias VALUES (264, 'A-42', 'OBRAS EN GENERAL', '2022-08-16 08:03:00', 3, 33.80, 33.60, 'SEÑORIO DE ILLESCAS (EL)', 45, 3, 3);
INSERT INTO public.incidencias VALUES (265, 'CV-673', 'OBRAS EN GENERAL', '2022-05-03 08:38:00', 3, 1.20, 0.40, 'BELLREGUARD POBLE', 46, 3, 3);
INSERT INTO public.incidencias VALUES (266, 'CV-673', 'OBRAS EN GENERAL', '2022-05-03 08:37:00', 3, 0.40, 1.20, 'BELLREGUARD POBLE', 46, 2, 3);
INSERT INTO public.incidencias VALUES (267, 'CV-415', 'OBRAS EN GENERAL', '2022-05-20 09:12:00', 1, 16.20, 13.70, NULL, 46, 3, 3);
INSERT INTO public.incidencias VALUES (268, 'V-30', 'OBRAS EN GENERAL', '2022-08-05 06:07:00', 1, 15.00, 16.00, 'MANISES', 46, 2, 3);
INSERT INTO public.incidencias VALUES (269, 'CV-415', 'OBRAS EN GENERAL', '2022-07-21 12:07:00', 1, 13.20, 13.30, 'MONTSERRAT', 46, 2, 3);
INSERT INTO public.incidencias VALUES (270, 'CV-415', 'OBRAS EN GENERAL', '2022-05-20 09:12:00', 1, 13.30, 13.20, 'MONTSERRAT', 46, 3, 3);
INSERT INTO public.incidencias VALUES (271, 'CV-415', 'OBRAS EN GENERAL', '2022-05-20 09:12:00', 1, 13.70, 16.20, 'MONTSERRAT', 46, 2, 3);
INSERT INTO public.incidencias VALUES (272, 'A-220', 'SEÑALIZACION DE LA CALZADA', '2021-05-31 00:10:00', 2, 17.70, 17.70, 'AGUARON', 50, 3, 3);
INSERT INTO public.incidencias VALUES (273, 'AP-2', 'OBRAS EN GENERAL', '2022-06-16 07:50:00', 1, 70.50, 70.50, 'BUJARALOZ', 50, 1, 3);
INSERT INTO public.incidencias VALUES (274, 'A-1102', 'OBRAS EN GENERAL', '2022-07-11 09:09:00', 3, 28.00, 20.00, 'CASTEJON DE VALDEJASA', 50, 3, 3);
INSERT INTO public.incidencias VALUES (275, 'N-232', 'OBRAS EN GENERAL', '2022-02-21 09:46:00', 1, 211.10, 212.50, 'FUENTES DE EBRO', 50, 1, 3);
INSERT INTO public.incidencias VALUES (276, 'N-232', 'OBRAS EN GENERAL', '2021-06-17 08:22:00', 2, 282.30, 296.80, 'GALLUR', 50, 1, 3);
INSERT INTO public.incidencias VALUES (277, 'A-52', 'MANTENIMIENTO DE PUENTES', '2022-08-03 11:49:00', 1, 108.30, 107.20, 'CHANOS', 49, 3, 3);
INSERT INTO public.incidencias VALUES (278, 'A-52', 'MANTENIMIENTO DE PUENTES', '2022-08-03 11:48:00', 3, 107.20, 108.30, 'CHANOS', 49, 2, 3);
INSERT INTO public.incidencias VALUES (279, 'A-52', 'TRABAJOS DE MANTENIMIENTO', '2022-08-28 20:05:00', 1, 108.30, 109.20, 'CHANOS', 49, 2, 3);
INSERT INTO public.incidencias VALUES (280, 'A-11', 'MANTENIMIENTO DE PUENTES', '2022-07-22 07:33:00', 1, 415.50, 415.00, 'MORALES DE TORO', 49, 3, 3);
INSERT INTO public.incidencias VALUES (178, 'N-301', 'OBRAS EN GENERAL', '2022-07-07 17:42:00', 4, 372.10, 371.00, 'FICAIRA', 30, 3, 3);


INSERT INTO public.niveles VALUES ('VERDE', 1);
INSERT INTO public.niveles VALUES ('AMARILLO', 2);
INSERT INTO public.niveles VALUES ('ROJO', 3);
INSERT INTO public.niveles VALUES ('NEGRO', 4);


INSERT INTO public.provincias VALUES (1, 'Araba/Álava', 'VI', 16);
INSERT INTO public.provincias VALUES (2, 'Albacete', 'AB', 8);
INSERT INTO public.provincias VALUES (5, 'Ávila', 'AV', 7);
INSERT INTO public.provincias VALUES (13, 'Ciudad Real', 'CR', 8);
INSERT INTO public.provincias VALUES (16, 'Cuenca', 'CU', 8);
INSERT INTO public.provincias VALUES (19, 'Guadalajara', 'GU', 8);
INSERT INTO public.provincias VALUES (20, 'Gipuzkoa', 'SS', 16);
INSERT INTO public.provincias VALUES (29, 'Málaga', 'MA', 1);
INSERT INTO public.provincias VALUES (32, 'Ourense', 'OU', 12);
INSERT INTO public.provincias VALUES (35, 'Palmas, Las', 'GC', 5);
INSERT INTO public.provincias VALUES (37, 'Salamanca', 'SA', 7);
INSERT INTO public.provincias VALUES (40, 'Segovia', 'SG', 7);
INSERT INTO public.provincias VALUES (42, 'Soria', 'SO', 7);
INSERT INTO public.provincias VALUES (47, 'Valladolid', 'VA', 7);
INSERT INTO public.provincias VALUES (48, 'Bizkaia', 'BI', 16);
INSERT INTO public.provincias VALUES (51, 'Ceuta', 'CE', 18);
INSERT INTO public.provincias VALUES (52, 'Melilla', 'ML', 19);
INSERT INTO public.provincias VALUES (3, 'Alicante/Alacant', NULL, 10);
INSERT INTO public.provincias VALUES (4, 'Almería', NULL, 1);
INSERT INTO public.provincias VALUES (6, 'Badajoz', NULL, 11);
INSERT INTO public.provincias VALUES (7, 'Balears, Illes', NULL, 4);
INSERT INTO public.provincias VALUES (8, 'Barcelona', NULL, 9);
INSERT INTO public.provincias VALUES (9, 'Burgos', NULL, 7);
INSERT INTO public.provincias VALUES (10, 'Cáceres', NULL, 11);
INSERT INTO public.provincias VALUES (11, 'Cádiz', NULL, 1);
INSERT INTO public.provincias VALUES (12, 'Castellón/Castelló', NULL, 10);
INSERT INTO public.provincias VALUES (14, 'Córdoba', NULL, 1);
INSERT INTO public.provincias VALUES (15, 'Coruña, A', NULL, 12);
INSERT INTO public.provincias VALUES (17, 'Girona', NULL, 9);
INSERT INTO public.provincias VALUES (18, 'Granada', NULL, 1);
INSERT INTO public.provincias VALUES (21, 'Huelva', NULL, 1);
INSERT INTO public.provincias VALUES (22, 'Huesca', NULL, 2);
INSERT INTO public.provincias VALUES (23, 'Jaén', NULL, 1);
INSERT INTO public.provincias VALUES (24, 'León', NULL, 7);
INSERT INTO public.provincias VALUES (25, 'Lleida', NULL, 9);
INSERT INTO public.provincias VALUES (26, 'Rioja, La', NULL, 17);
INSERT INTO public.provincias VALUES (27, 'Lugo', NULL, 12);
INSERT INTO public.provincias VALUES (28, 'Madrid', NULL, 13);
INSERT INTO public.provincias VALUES (30, 'Murcia', NULL, 14);
INSERT INTO public.provincias VALUES (31, 'Navarra', NULL, 15);
INSERT INTO public.provincias VALUES (33, 'Asturias', NULL, 3);
INSERT INTO public.provincias VALUES (34, 'Palencia', NULL, 7);
INSERT INTO public.provincias VALUES (36, 'Pontevedra', NULL, 12);
INSERT INTO public.provincias VALUES (38, 'Santa Cruz de Tenerife', NULL, 5);
INSERT INTO public.provincias VALUES (39, 'Cantabria', NULL, 6);
INSERT INTO public.provincias VALUES (41, 'Sevilla', NULL, 1);
INSERT INTO public.provincias VALUES (43, 'Tarragona', NULL, 9);
INSERT INTO public.provincias VALUES (44, 'Teruel', NULL, 2);
INSERT INTO public.provincias VALUES (45, 'Toledo', NULL, 8);
INSERT INTO public.provincias VALUES (46, 'Valencia/València', NULL, 10);
INSERT INTO public.provincias VALUES (49, 'Zamora', NULL, 7);
INSERT INTO public.provincias VALUES (50, 'Zaragoza', NULL, 2);


INSERT INTO public.sentidos VALUES ('AMBOS SENTIDOS', 1);
INSERT INTO public.sentidos VALUES ('CRECIENTE DE LA KILOMETRICA', 2);
INSERT INTO public.sentidos VALUES ('DECRECIENTE DE LA KILOMETRICA', 3);
INSERT INTO public.sentidos VALUES ('NORTE', 4);
INSERT INTO public.sentidos VALUES ('SUR', 5);
INSERT INTO public.sentidos VALUES ('ESTE', 6);
INSERT INTO public.sentidos VALUES ('OESTE', 7);


INSERT INTO public.tiposincidencia VALUES ('CONO', 1);
INSERT INTO public.tiposincidencia VALUES ('METEOROLOGICA', 2);
INSERT INTO public.tiposincidencia VALUES ('OBRAS', 3);



ALTER TABLE ONLY public.comunidades
    ADD CONSTRAINT comunidades_pk PRIMARY KEY (codigo);


ALTER TABLE ONLY public.incidencias
    ADD CONSTRAINT incidencias_pk PRIMARY KEY (id);

ALTER TABLE ONLY public.niveles
    ADD CONSTRAINT niveles_pk PRIMARY KEY (codigo);

ALTER TABLE ONLY public.provincias
    ADD CONSTRAINT provincias_pk PRIMARY KEY (codigo);

ALTER TABLE ONLY public.sentidos
    ADD CONSTRAINT sentidos_pk PRIMARY KEY (codigo);

ALTER TABLE ONLY public.tiposincidencia
    ADD CONSTRAINT tiposincidencia_pk PRIMARY KEY (codigo);

ALTER TABLE ONLY public.incidencias
    ADD CONSTRAINT incidencias_fk FOREIGN KEY (cod_nivel) REFERENCES public.niveles(codigo);

ALTER TABLE ONLY public.incidencias
    ADD CONSTRAINT incidencias_fk_1 FOREIGN KEY (cod_provincia) REFERENCES public.provincias(codigo);

ALTER TABLE ONLY public.incidencias
    ADD CONSTRAINT incidencias_fk_2 FOREIGN KEY (cod_sentido) REFERENCES public.sentidos(codigo);

ALTER TABLE ONLY public.incidencias
    ADD CONSTRAINT incidencias_fk_3 FOREIGN KEY (tipo_incidencia) REFERENCES public.tiposincidencia(codigo);


ALTER TABLE ONLY public.provincias
    ADD CONSTRAINT provincias_fk FOREIGN KEY (cod_comunidad) REFERENCES public.comunidades(codigo);


